Method,Endpoint,RequestFields,SourceFiles,SourceLocations,Client
POST,{VITE_APIURL}/api/Notifications/SendNotification,,src/services/notificationService.js,src/services/notificationService.js:23,fetch
GET,{VITE_APIURL}AfterServiceLeads,,src/components/ReasonLayer.jsx; src/components/TicketsAddLayer.jsx,src/components/ReasonLayer.jsx:28; src/components/TicketsAddLayer.jsx:38,axios
POST,{VITE_APIURL}AfterServiceLeads,,src/components/ReasonLayer.jsx,src/components/ReasonLayer.jsx:57,axios
PUT,{VITE_APIURL}AfterServiceLeads,,src/components/ReasonLayer.jsx,src/components/ReasonLayer.jsx:53,axios
DELETE,{VITE_APIURL}AfterServiceLeads/{id},,src/components/ReasonLayer.jsx,src/components/ReasonLayer.jsx:81,axios
POST,{VITE_APIURL}Agents,,src/components/TelecalerAssignBookingLayer.jsx,src/components/TelecalerAssignBookingLayer.jsx:185,axios
POST,{VITE_APIURL}Area/AssignAreasToSupervisor,"areaIds, assignedBy, supervisorId",src/components/AssignSupervisorArea.jsx,src/components/AssignSupervisorArea.jsx:118,axios
DELETE,{VITE_APIURL}Area/DeleteArea,areaId,src/components/AreaLayer.jsx,src/components/AreaLayer.jsx:197,axios
GET,{VITE_APIURL}Area/GetArea,,src/components/AreaLayer.jsx; src/components/AssignSupervisorArea.jsx; src/components/BasicInformationLayer.jsx; src/components/LeadViewLayer.jsx,src/components/AreaLayer.jsx:53; src/components/AssignSupervisorArea.jsx:36; src/components/BasicInformationLayer.jsx:219; src/components/LeadViewLayer.jsx:587,axios
GET,{VITE_APIURL}Area/GetAreaWiseSupervisor,,src/components/AssignSupervisorArea.jsx,src/components/AssignSupervisorArea.jsx:90,axios
POST,{VITE_APIURL}Area/InsertArea,"areaName, cityId, createdBy, isActive, pincode, stateId",src/components/AreaLayer.jsx,src/components/AreaLayer.jsx:125,axios
PUT,{VITE_APIURL}Area/UpdateArea,"areaId, areaName, cityId, isActive, modifiedBy, pincode, stateId",src/components/AreaLayer.jsx,src/components/AreaLayer.jsx:105,axios
POST,{VITE_APIURL}AssignSupervisor,"AssignedBy, AssingedTimeSlot, BookingID, SupervisorID, TechID, TimeSlot",src/components/SupervisorAssignBookingLayer.jsx,src/components/SupervisorAssignBookingLayer.jsx:635,axios
PUT,{VITE_APIURL}AssignSupervisor,"AssignedBy, AssingedTimeSlot, BookingID, SupervisorID, TechID, TimeSlot",src/components/SupervisorAssignBookingLayer.jsx,src/components/SupervisorAssignBookingLayer.jsx:608,axios
POST,{VITE_APIURL}Auth/Admin-login,,src/components/SignInLayer.jsx,src/components/SignInLayer.jsx:40,axios
GET,{VITE_APIURL}Auth/adminid?adminid={{localStorage.getItem}},,src/components/ViewProfileLayer.jsx,src/components/ViewProfileLayer.jsx:82,axios
GET,{VITE_APIURL}Auth/adminid?adminid=2,,src/masterLayout/MasterLayout.jsx,src/masterLayout/MasterLayout.jsx:206,axios
POST,{VITE_APIURL}Auth/refresh,refreshToken,src/utils/axiosInterceptor.js,src/utils/axiosInterceptor.js:83,axios
POST,{VITE_APIURL}Auth/technician-login,,src/components/ResetPasswordLayer.jsx,src/components/ResetPasswordLayer.jsx:35,axios
POST,{VITE_APIURL}Blogs/InsertBlog,"PostCategory, PostDescription, PostTitle, Thumbnai1",src/components/AddBlogLayer.jsx,src/components/AddBlogLayer.jsx:74,axios
POST,{VITE_APIURL}Booking_Assignments,"AssignedBy, AssingedTimeSlot, BookingID, SupervisorID, TechID, TimeSlot",src/components/SupervisorAssignBookingLayer.jsx,src/components/SupervisorAssignBookingLayer.jsx:404,axios
GET,{VITE_APIURL}Booking/ByTechnician/{techId}?from={fromDate}&to={toDate},,src/components/LeaveEditLayer.jsx,src/components/LeaveEditLayer.jsx:46,axios
GET,{VITE_APIURL}bookings,,src/components/TicketsAddLayer.jsx,src/components/TicketsAddLayer.jsx:109,axios
GET,{VITE_APIURL}Bookings,,src/components/BookingLayer.jsx; src/components/BookingReportSortingLayer.jsx; src/components/CompleteServiceReportLayer.jsx; src/components/ExpenditureLayer.jsx; src/components/ServiceTimelineBoard.jsx; src/components/SupervisorAssignBookingLayer.jsx; src/components/TelecalerAssignBookingLayer.jsx,src/components/BookingLayer.jsx:143; src/components/BookingReportSortingLayer.jsx:79; src/components/CompleteServiceReportLayer.jsx:1029; src/components/ExpenditureLayer.jsx:134; src/components/ServiceTimelineBoard.jsx:36; src/components/SupervisorAssignBookingLayer.jsx:110; src/components/TelecalerAssignBookingLayer.jsx:51,axios
GET,{VITE_APIURL}Bookings?employeeId={{localStorage.getItem}},,src/components/FieldAdvisorDashboardLayer.jsx,src/components/FieldAdvisorDashboardLayer.jsx:73,axios
GET,{VITE_APIURL}Bookings?IsRefunded=true,,src/components/RefundLayer.jsx; src/components/child/UnitCountSeven.jsx,src/components/child/UnitCountSeven.jsx:51; src/components/RefundLayer.jsx:63,axios
GET,{VITE_APIURL}Bookings?type=Dealer&dealerid={{localStorage.getItem}},,src/components/DealerDashboardLayer.jsx,src/components/DealerDashboardLayer.jsx:211,axios
GET,{VITE_APIURL}Bookings/{CustomerID},,src/components/CustomerViewLayer.jsx,src/components/CustomerViewLayer.jsx:55,axios
PUT,{VITE_APIURL}Bookings/assign-technician,"AssingedTimeSlot, BookingID, TechID, assingedTimeSlot, bookingID, bookingIds, fieldAdvisorId, role, supervisorHeadId, techID",src/components/BookingLayer.jsx; src/components/BookingReportSortingLayer.jsx; src/components/TelecalerAssignBookingLayer.jsx,src/components/BookingLayer.jsx:328; src/components/BookingReportSortingLayer.jsx:204; src/components/TelecalerAssignBookingLayer.jsx:100,axios
PUT,{VITE_APIURL}Bookings/booking-status,"bookingID, bookingStatus",src/components/BookingViewLayer.jsx,src/components/BookingViewLayer.jsx:1755,axios
GET,{VITE_APIURL}Bookings/BookingId?Id={{searchParams.get}},,src/components/CompleteServiceReportLayer.jsx,src/components/CompleteServiceReportLayer.jsx:1053,axios
GET,{VITE_APIURL}Bookings/BookingId?Id={bookingId},,src/components/AssignTechnicianLayer.jsx; src/components/BasicInformationLayer.jsx; src/components/InvoiceViewLayer.jsx; src/components/RefundLayer.jsx,src/components/AssignTechnicianLayer.jsx:174; src/components/BasicInformationLayer.jsx:96; src/components/InvoiceViewLayer.jsx:39; src/components/RefundLayer.jsx:138,axios
GET,{VITE_APIURL}Bookings/BookingId?Id={OptionalMemberExpression} OR {OptionalMemberExpression},,src/components/CompleteServiceReportLayer.jsx,src/components/CompleteServiceReportLayer.jsx:1079,axios
GET,{VITE_APIURL}Bookings/BookingId?Id={priceModalRow.booking.BookingID}&dealerId={{localStorage.getItem}},,src/components/DealerDashboardLayer.jsx,src/components/DealerDashboardLayer.jsx:156,axios
POST,{VITE_APIURL}Bookings/Cancel,BookingID,src/components/BookingViewLayer.jsx,src/components/BookingViewLayer.jsx:2572,axios
POST,{VITE_APIURL}Bookings/convert-inspection-to-service,"bookingId, confirmStatus",src/components/BookingViewLayer.jsx,src/components/BookingViewLayer.jsx:1741,axios
GET,{VITE_APIURL}Bookings/GetAssignedBookings?Id={TechnicianID},,src/components/TechnicianViewLayer.jsx,src/components/TechnicianViewLayer.jsx:51,axios
GET,{VITE_APIURL}Bookings/GetBookingServicesByRole?role=FieldAdvisor&employeeId={{localStorage.getItem}}&type=notconfirm,,src/components/FieldAdvisorDashboardLayer.jsx,src/components/FieldAdvisorDashboardLayer.jsx:211,axios
GET,{VITE_APIURL}Bookings/GetBookingServicesByRole?role=Supervisor&employeeId={{localStorage.getItem}}&type=notconfirm,,src/components/SupervisorHeadDashboardLayer.jsx,src/components/SupervisorHeadDashboardLayer.jsx:125,axios
GET,{VITE_APIURL}Bookings/notifications?userId={userId}&userRole={{roleFromStorage.toLowerCase}} OR customer,,src/services/notificationService.js,src/services/notificationService.js:52,axios
PUT,{VITE_APIURL}Bookings/notifications/{notificationId}/read,,src/services/notificationService.js,src/services/notificationService.js:72,axios
POST,{VITE_APIURL}cancellations,"AssignedBy, AssingedTimeSlot, BookingID, Role, ServiceType, TechID, addOnID, addOnId, addOnIds, addOns, assignDate, assignTimeSlot, bookingID, bookingId, bookingIds, cancelledBy, completedBy, completedRole, createdBy, endTimeslot, fieldAdvisorId, ids, is_Completed, lastReworkID, leadId, reason, refundStatus, role, scheduledDate, status, statusName, supervisorHeadId, supervisorID, techID, ticketId, timeSlot, timeslot",src/components/BookingViewLayer.jsx,src/components/BookingViewLayer.jsx:5185,axios
GET,{VITE_APIURL}Category,,src/components/CaseStudiesAddLayer.jsx; src/components/CaseStudiesLayer.jsx; src/components/DealerAddLayer.jsx; src/components/ExplanationsAddLayer.jsx; src/components/FaqsAddLayer.jsx; src/components/IncludesLayer.jsx; src/components/SeoAddLayer.jsx; src/components/ServiceCategoriesLayer.jsx; src/components/ServicePlanAddLayer.jsx; src/components/ServicePlanListLayer.jsx; src/components/ServiceSubCategories1Layer.jsx; src/components/ServiceSubCategories2Layer.jsx,src/components/CaseStudiesAddLayer.jsx:63; src/components/CaseStudiesLayer.jsx:42; src/components/DealerAddLayer.jsx:243; src/components/ExplanationsAddLayer.jsx:75; src/components/FaqsAddLayer.jsx:74; src/components/IncludesLayer.jsx:79; src/components/SeoAddLayer.jsx:76; src/components/ServiceCategoriesLayer.jsx:83; src/components/ServicePlanAddLayer.jsx:117; src/components/ServicePlanListLayer.jsx:40; src/components/ServiceSubCategories1Layer.jsx:72; src/components/ServiceSubCategories2Layer.jsx:67,axios
GET,{VITE_APIURL}Category/{CategoryID},,src/components/ServiceCategoryViewLayer.jsx,src/components/ServiceCategoryViewLayer.jsx:20,axios
POST,{VITE_APIURL}Category/AddCategory,"CreatedBy, IconImage1, ModifiedBy, ThumbnailImage1, {key}",src/components/ServiceCategoriesLayer.jsx,src/components/ServiceCategoriesLayer.jsx:120,axios
PUT,{VITE_APIURL}Category/UpdateCategory,"CreatedBy, IconImage1, ModifiedBy, ThumbnailImage1, {key}",src/components/ServiceCategoriesLayer.jsx,src/components/ServiceCategoriesLayer.jsx:117,axios
GET,{VITE_APIURL}City,,src/components/AreaLayer.jsx; src/components/CityLayer.jsx; src/components/CustomerAddLayer.jsx; src/components/DealerAddLayer.jsx; src/components/DealerProfileLayer.jsx; src/components/DistributorLayer.jsx; src/components/EmployeeAddLayer.jsx; src/components/TechniciansAddLayer.jsx,src/components/AreaLayer.jsx:73; src/components/CityLayer.jsx:49; src/components/CustomerAddLayer.jsx:75; src/components/DealerAddLayer.jsx:235; src/components/DealerProfileLayer.jsx:158; src/components/DistributorLayer.jsx:104; src/components/EmployeeAddLayer.jsx:191; src/components/TechniciansAddLayer.jsx:137,axios
POST,{VITE_APIURL}City,"CityName, IsActive, Pincode, StateID",src/components/CityLayer.jsx,src/components/CityLayer.jsx:90,axios
PUT,{VITE_APIURL}City,"CityID, CityName, IsActive, Pincode, StateID",src/components/CityLayer.jsx,src/components/CityLayer.jsx:76,axios
GET,{VITE_APIURL}CompanyInfo,,src/components/CompanyInformationLayer.jsx,src/components/CompanyInformationLayer.jsx:31,axios
DELETE,{VITE_APIURL}CompanyInfo/{id},,src/components/CompanyInformationLayer.jsx,src/components/CompanyInformationLayer.jsx:126,axios
POST,{VITE_APIURL}CompanyInfo/InsertCompanyInfo,"...{formData}, ...{rest}, CreatedBy, ModifiedBy",src/components/CompanyInformationLayer.jsx,src/components/CompanyInformationLayer.jsx:77,axios
PUT,{VITE_APIURL}CompanyInfo/UpdateCompanyInfo,"...{formData}, ...{rest}, CreatedBy, ModifiedBy",src/components/CompanyInformationLayer.jsx,src/components/CompanyInformationLayer.jsx:64,axios
GET,{VITE_APIURL}Contact,,src/components/ContactsLayer.jsx; src/components/DealerServicePriceLayer.jsx,src/components/ContactsLayer.jsx:16; src/components/DealerServicePriceLayer.jsx:16,axios
GET,{VITE_APIURL}Coupons,,src/components/CouponLayer.jsx,src/components/CouponLayer.jsx:31,axios
POST,{VITE_APIURL}Coupons,"...{ObjectExpression} OR {ObjectExpression}, MaxDisAmount, MinBookingAmount, code, description, discountType, discountValue, isActive, maxUsagePerUser, validFrom, validTill",src/components/CouponLayer.jsx,src/components/CouponLayer.jsx:80,axios
PUT,{VITE_APIURL}Coupons,"...{ObjectExpression} OR {ObjectExpression}, MaxDisAmount, MinBookingAmount, code, description, discountType, discountValue, isActive, maxUsagePerUser, validFrom, validTill",src/components/CouponLayer.jsx,src/components/CouponLayer.jsx:77,axios
GET,{VITE_APIURL}customer,,src/components/TicketsAddLayer.jsx,src/components/TicketsAddLayer.jsx:85,axios
GET,{VITE_APIURL}Customer,,src/components/CustomerLayer.jsx,src/components/CustomerLayer.jsx:23,axios
GET,{VITE_APIURL}Customer/get-customer-bank-details?customerId={customerId},,src/components/BasicInformationLayer.jsx; src/components/RefundLayer.jsx; src/components/TicketInnerLayer.jsx,src/components/BasicInformationLayer.jsx:177; src/components/RefundLayer.jsx:88; src/components/RefundLayer.jsx:113; src/components/TicketInnerLayer.jsx:113,axios
GET,{VITE_APIURL}Customer/Id?Id={CustomerID},,src/components/CustomerViewLayer.jsx,src/components/CustomerViewLayer.jsx:30,axios
POST,{VITE_APIURL}Customer/upsert-customer-bank-details,"BrandID, FuelTypeID, Id, KmDriven, ModelID, RegistrationNumber, VehicleId, YearOfPurchase, accountHolderName, accountNumber, bankName, branch, custID, customerId, id, ifscCode, upiId, userId",src/components/BasicInformationLayer.jsx; src/components/TicketInnerLayer.jsx,src/components/BasicInformationLayer.jsx:445; src/components/TicketInnerLayer.jsx:320,axios
GET,{VITE_APIURL}Dashboard,,src/components/child/UnitCountSeven.jsx,src/components/child/UnitCountSeven.jsx:37,axios
GET,{VITE_APIURL}Dashboard/MothlyIncome,,src/components/child/IncomeVsExpense.jsx,src/components/child/IncomeVsExpense.jsx:14,axios
GET,{VITE_APIURL}Dealer,,src/components/BookServicesLayer.jsx; src/components/EmployeeAddLayer.jsx; src/components/ExpenditureLayer.jsx; src/components/TechniciansAddLayer.jsx,src/components/BookServicesLayer.jsx:226; src/components/EmployeeAddLayer.jsx:172; src/components/ExpenditureLayer.jsx:118; src/components/TechniciansAddLayer.jsx:144,axios
POST,{VITE_APIURL}Dealer,"Address, BankAccountNumber, BankName, BranchName, CategoryIDs, CategoryNames, CityID, CreatedDate, DistributorID, Email, FullName, GSTNumber, IFSCCode, IsActive, Latitude, Longitude, PasswordHash, PhoneNumber, Rating, StateID, address, amount, bankAccountNumber, bankName, branchName, categoryIds, cityID, commissionType, createdDate, dealerID, dealerType, distributorID, email, fullName, gstNumber, ifscCode, isActive, latitude, longitude, modifiedDate, passwordHash, phoneNumber, rating, stateID",src/components/DealerAddLayer.jsx,src/components/DealerAddLayer.jsx:385,axios
PUT,{VITE_APIURL}Dealer,"Address, BankAccountNumber, BankName, BranchName, CategoryIDs, CategoryNames, CityID, CreatedDate, DistributorID, Email, FullName, GSTNumber, IFSCCode, IsActive, Latitude, Longitude, PasswordHash, PhoneNumber, Rating, StateID, address, amount, bankAccountNumber, bankName, branchName, categoryIds, cityID, commissionType, createdDate, dealerID, dealerType, distributorID, email, fullName, gstNumber, ifscCode, isActive, latitude, longitude, modifiedDate, passwordHash, phoneNumber, rating, stateID",src/components/DealerAddLayer.jsx; src/components/DealerProfileLayer.jsx,src/components/DealerAddLayer.jsx:344; src/components/DealerProfileLayer.jsx:228,axios
GET,{VITE_APIURL}Dealer OR {VITE_APIURL}Dealer?role={{localStorage.getItem}}&DistributorID={{localStorage.getItem}},,src/components/DealerLayer.jsx,src/components/DealerLayer.jsx:29,axios
GET,{VITE_APIURL}Dealer/{DealerID},,src/components/DealerViewLayer.jsx,src/components/DealerViewLayer.jsx:21,axios
POST,{VITE_APIURL}Dealer/DealerApproveBookingBulk,"createdBy, dealerId, ids, reason, status, type",src/components/BookServicesLayer.jsx; src/components/DealerBookingsView.jsx,src/components/BookServicesLayer.jsx:1407; src/components/DealerBookingsView.jsx:541,axios
GET,{VITE_APIURL}Dealer/dealerid?dealerid={{localStorage.getItem}},,src/components/DealerProfileLayer.jsx,src/components/DealerProfileLayer.jsx:104,axios
GET,{VITE_APIURL}Dealer/dealerid?dealerid={DealerID},,src/components/DealerAddLayer.jsx,src/components/DealerAddLayer.jsx:157,axios
POST,{VITE_APIURL}Dealer/GenerateDealerInvoice,"bookingID, dealerID",src/components/BookingViewLayer.jsx; src/components/InvoiceViewLayer.jsx,src/components/BookingViewLayer.jsx:3370; src/components/InvoiceViewLayer.jsx:87; src/components/InvoiceViewLayer.jsx:280,axios
GET,{VITE_APIURL}Dealer/GetDealerDashboardSummary?DealerID={{localStorage.getItem}},,src/components/DealerDashboardLayer.jsx,src/components/DealerDashboardLayer.jsx:180,axios
GET,{VITE_APIURL}Dealer/GetDealerExpenditures,,src/components/DealerPaymentsLayer.jsx,src/components/DealerPaymentsLayer.jsx:59,axios
GET,{VITE_APIURL}Dealer/GetDealerServicesByStatus?DealerID={{localStorage.getItem}},,src/components/DealerServicesLayer.jsx,src/components/DealerServicesLayer.jsx:36,axios
POST,{VITE_APIURL}Dealer/SendDealerInvoice,"bookingID, dealerID",src/components/InvoiceViewLayer.jsx,src/components/InvoiceViewLayer.jsx:137,axios
GET,{VITE_APIURL}Departments,,src/components/DepartmentsLayer.jsx; src/components/DesignationsLayer.jsx; src/components/EmployeeAddLayer.jsx; src/components/EmployeeLayer.jsx; src/components/LeadsAssignLayer.jsx; src/components/SupervisorAssignBookingLayer.jsx; src/components/TelecalerAssignTicketLayer.jsx,src/components/DepartmentsLayer.jsx:37; src/components/DesignationsLayer.jsx:47; src/components/EmployeeAddLayer.jsx:376; src/components/EmployeeLayer.jsx:55; src/components/LeadsAssignLayer.jsx:148; src/components/SupervisorAssignBookingLayer.jsx:186; src/components/TelecalerAssignTicketLayer.jsx:76,axios
POST,{VITE_APIURL}Departments,"createdBy, departmentName, isActive",src/components/DepartmentsLayer.jsx,src/components/DepartmentsLayer.jsx:78,axios
PUT,{VITE_APIURL}Departments,"departmentName, deptId, isActive, modifiedBy",src/components/DepartmentsLayer.jsx,src/components/DepartmentsLayer.jsx:66,axios
GET,{VITE_APIURL}Designations,,src/components/DesignationsLayer.jsx; src/components/EmployeeAddLayer.jsx,src/components/DesignationsLayer.jsx:66; src/components/EmployeeAddLayer.jsx:442,axios
POST,{VITE_APIURL}Designations,"deptId, designation_name, is_Head, level",src/components/DesignationsLayer.jsx,src/components/DesignationsLayer.jsx:119,axios
PUT,{VITE_APIURL}Designations,"...{payload}, id",src/components/DesignationsLayer.jsx,src/components/DesignationsLayer.jsx:112,axios
GET,{VITE_APIURL}Distributors,,src/components/DealerAddLayer.jsx; src/components/DistributorLayer.jsx; src/components/TechniciansAddLayer.jsx,src/components/DealerAddLayer.jsx:217; src/components/DistributorLayer.jsx:62; src/components/TechniciansAddLayer.jsx:163,axios
POST,{VITE_APIURL}Distributors,,src/components/DistributorLayer.jsx,src/components/DistributorLayer.jsx:165,axios
PUT,{VITE_APIURL}Distributors,,src/components/DistributorLayer.jsx,src/components/DistributorLayer.jsx:157,axios
GET,{VITE_APIURL}Employee,,src/components/AssignSupervisorArea.jsx; src/components/AssignTechnicianLayer.jsx; src/components/BasicInformationLayer.jsx; src/components/BookingLayer.jsx; src/components/BookingReportSortingLayer.jsx; src/components/BookingViewLayer.jsx; src/components/EmployeeAddLayer.jsx; src/components/EmployeeLayer.jsx; src/components/ForwardLeadsLayer.jsx; src/components/LeadViewLayer.jsx; src/components/LeadsAssignLayer.jsx; src/components/OrganicLeadsLayer.jsx; src/components/SupervisorAssignBookingLayer.jsx; src/components/TelecalerAssignBookingLayer.jsx; src/components/TelecalerAssignTicketLayer.jsx,src/components/AssignSupervisorArea.jsx:59; src/components/AssignTechnicianLayer.jsx:193; src/components/AssignTechnicianLayer.jsx:201; src/components/BasicInformationLayer.jsx:221; src/components/BookingLayer.jsx:175; src/components/BookingLayer.jsx:206; src/components/BookingReportSortingLayer.jsx:111; src/components/BookingViewLayer.jsx:910; src/components/BookingViewLayer.jsx:939; src/components/EmployeeAddLayer.jsx:397; src/components/EmployeeLayer.jsx:45; src/components/ForwardLeadsLayer.jsx:86; src/components/LeadsAssignLayer.jsx:170; src/components/LeadsAssignLayer.jsx:193; src/components/LeadViewLayer.jsx:552; src/components/OrganicLeadsLayer.jsx:139; src/components/SupervisorAssignBookingLayer.jsx:141; src/components/SupervisorAssignBookingLayer.jsx:208; src/components/SupervisorAssignBookingLayer.jsx:234; src/components/TelecalerAssignBookingLayer.jsx:42; src/components/TelecalerAssignTicketLayer.jsx:99; src/components/TelecalerAssignTicketLayer.jsx:121,axios
POST,{VITE_APIURL}Employee,"DealerIds, {key}",src/components/EmployeeAddLayer.jsx,src/components/EmployeeAddLayer.jsx:330,axios
PUT,{VITE_APIURL}Employee,"Address, DealerIds, DeptId, Designation_Id, Email, Id, Name, Password, PhoneNumber, ProfileImage1, Reporting_To, RoleId, RoleName, Status, {key}",src/components/EmployeeAddLayer.jsx; src/components/ViewProfileLayer.jsx,src/components/EmployeeAddLayer.jsx:323; src/components/ViewProfileLayer.jsx:219,axios
POST,{VITE_APIURL}Employee/BulkAssign,"deptId, employeeIds",src/components/EmployeeLayer.jsx,src/components/EmployeeLayer.jsx:115,axios
POST,{VITE_APIURL}Employee/forgot-password/reset,"employeeId, newPassword",src/components/ForgotPasswordLayer.jsx,src/components/ForgotPasswordLayer.jsx:157,axios
POST,{VITE_APIURL}Employee/forgot-password/send-otp,email,src/components/ForgotPasswordLayer.jsx,src/components/ForgotPasswordLayer.jsx:42; src/components/ForgotPasswordLayer.jsx:125,axios
POST,{VITE_APIURL}Employee/forgot-password/verify-otp,"email, otp",src/components/ForgotPasswordLayer.jsx,src/components/ForgotPasswordLayer.jsx:65,axios
GET,{VITE_APIURL}Employee/Id?Id={{localStorage.getItem}},,src/components/ViewProfileLayer.jsx,src/components/ViewProfileLayer.jsx:46,axios
GET,{VITE_APIURL}Employee/Id?Id={data.id},,src/components/SignInLayer.jsx,src/components/SignInLayer.jsx:62,axios
GET,{VITE_APIURL}Employee/Id?Id={EmployeeID},,src/components/EmployeeAddLayer.jsx; src/components/EmployeeViewLayer.jsx,src/components/EmployeeAddLayer.jsx:87; src/components/EmployeeViewLayer.jsx:21,axios
GET,{VITE_APIURL}Expenditure,,src/components/ExpenditureCategoryLayer.jsx; src/components/ExpenditureLayer.jsx,src/components/ExpenditureCategoryLayer.jsx:33; src/components/ExpenditureLayer.jsx:111,axios
POST,{VITE_APIURL}Expenditure,"categoryName, createdBy, expenseCategoryID, isActive, modifiedBy",src/components/ExpenditureCategoryLayer.jsx,src/components/ExpenditureCategoryLayer.jsx:79,axios
PUT,{VITE_APIURL}Expenditure,"categoryName, createdBy, expenseCategoryID, isActive, modifiedBy",src/components/ExpenditureCategoryLayer.jsx,src/components/ExpenditureCategoryLayer.jsx:66,axios
DELETE,{VITE_APIURL}Expenditure/{row.ExpenseCategoryID},,src/components/ExpenditureCategoryLayer.jsx,src/components/ExpenditureCategoryLayer.jsx:130,axios
POST,{VITE_APIURL}Expenditure/Expenditure,"...{basePayload}, addOnId, amount, billPath, bookingID, createdBy, dealerID, expenseCategoryID, expenseDate, expenseID, isActive, modifiedBy, notes, paymentMode, referenceNo, status, technicianID",src/components/DealerPaymentsLayer.jsx; src/components/ExpenditureLayer.jsx; src/components/RefundLayer.jsx,src/components/DealerPaymentsLayer.jsx:384; src/components/ExpenditureLayer.jsx:262; src/components/ExpenditureLayer.jsx:299; src/components/RefundLayer.jsx:437,axios
PUT,{VITE_APIURL}Expenditure/Expenditure,"...{basePayload}, amount, billPath, bookingID, createdBy, dealerID, expenseCategoryID, expenseDate, expenseID, isActive, modifiedBy, notes, paymentMode, referenceNo, status, technicianID",src/components/ExpenditureLayer.jsx,src/components/ExpenditureLayer.jsx:256; src/components/ExpenditureLayer.jsx:290,axios
DELETE,{VITE_APIURL}Expenditure/expenditure/{expenseID},,src/components/ExpenditureLayer.jsx,src/components/ExpenditureLayer.jsx:369,axios
GET,{VITE_APIURL}Expenditure/Expenditures,,src/components/ExpenditureLayer.jsx,src/components/ExpenditureLayer.jsx:101,axios
POST,{VITE_APIURL}Explanations,"answer, explanation, id, packageID, question, type",src/components/ExplanationsAddLayer.jsx,src/components/ExplanationsAddLayer.jsx:208,axios
PUT,{VITE_APIURL}Explanations,"answer, explanation, id, packageID, question, type",src/components/ExplanationsAddLayer.jsx,src/components/ExplanationsAddLayer.jsx:249,axios
GET,{VITE_APIURL}Explanations?Id={id},,src/components/ExplanationsAddLayer.jsx,src/components/ExplanationsAddLayer.jsx:94,axios
DELETE,{VITE_APIURL}Explanations/DeleteExplanation/{faqId},,src/components/ExplanationsLayer.jsx,src/components/ExplanationsLayer.jsx:48,axios
GET,{VITE_APIURL}Explanations/Packages,,src/components/ExplanationsLayer.jsx,src/components/ExplanationsLayer.jsx:24,axios
POST,{VITE_APIURL}FAQS,"answer, faQs, id, packageID, question, type",src/components/FaqsAddLayer.jsx,src/components/FaqsAddLayer.jsx:207,axios
PUT,{VITE_APIURL}FAQS,"answer, faQs, id, packageID, question, type",src/components/FaqsAddLayer.jsx,src/components/FaqsAddLayer.jsx:248,axios
GET,{VITE_APIURL}FAQS?Id={id},,src/components/FaqsAddLayer.jsx,src/components/FaqsAddLayer.jsx:93,axios
DELETE,{VITE_APIURL}FAQS/DeleteFAQ/{faqId},,src/components/FaqsLayer.jsx,src/components/FaqsLayer.jsx:48,axios
GET,{VITE_APIURL}FAQS/Packages,,src/components/FaqsLayer.jsx,src/components/FaqsLayer.jsx:24,axios
GET,{VITE_APIURL}Feedback,,src/components/ServicesRatingLayer.jsx,src/components/ServicesRatingLayer.jsx:23,axios
POST,{VITE_APIURL}Feedback,"AddressId, BrandID, City, Email, FuelTypeID, FullName, GSTName, GSTNumber, Id, KmDriven, Latitude, Longitude, ModelID, PhoneNumber, RegistrationNumber, VehicleId, YearOfPurchase, bookingID, created_By, custID, leadId, nextAction, nextFollowUp_Date, notes, serviceRating, serviceReview, status, techID, techRating, techReview, type",src/components/LeadViewLayer.jsx,src/components/LeadViewLayer.jsx:213,axios
GET,{VITE_APIURL}Feedback?EmployeeId={employeeId}&RoleName={roleName},,src/components/ServicesRatingLayer.jsx,src/components/ServicesRatingLayer.jsx:26,axios
GET,{VITE_APIURL}Feedback/feedback?bookingId={bookingId},,src/components/LeadViewLayer.jsx,src/components/LeadViewLayer.jsx:242,axios
PUT,{VITE_APIURL}Feedback/update-feedback-approval,"feedbackId, is_Approve",src/components/ServicesRatingLayer.jsx,src/components/ServicesRatingLayer.jsx:45,axios
DELETE,{VITE_APIURL}FuelTypes/,StateID,src/components/VehicleFuelLayer.jsx,src/components/VehicleFuelLayer.jsx:176,axios
GET,{VITE_APIURL}FuelTypes/GetFuelTypes,,src/components/AddLeadLayer.jsx; src/components/BasicInformationLayer.jsx; src/components/LeadViewLayer.jsx; src/components/ServiceInspectionRequestLayer.jsx; src/components/ServicePlanPriceAddLayer.jsx; src/components/ServicePlanPriceAddLayer11.jsx; src/components/ServicePlanPriceEditLayer.jsx; src/components/VehicleFuelLayer.jsx; src/components/VehicleModelLayer.jsx,src/components/AddLeadLayer.jsx:79; src/components/BasicInformationLayer.jsx:217; src/components/LeadViewLayer.jsx:494; src/components/ServiceInspectionRequestLayer.jsx:198; src/components/ServicePlanPriceAddLayer.jsx:60; src/components/ServicePlanPriceAddLayer11.jsx:110; src/components/ServicePlanPriceEditLayer.jsx:60; src/components/VehicleFuelLayer.jsx:64; src/components/VehicleModelLayer.jsx:84,axios
POST,{VITE_APIURL}FuelTypes/InsertFuelType,"CreatedBy, ModifiedBy, Status, {key}",src/components/VehicleFuelLayer.jsx,src/components/VehicleFuelLayer.jsx:134,axios
PUT,{VITE_APIURL}FuelTypes/UpdateFuelType,"CreatedBy, ModifiedBy, Status, {key}",src/components/VehicleFuelLayer.jsx,src/components/VehicleFuelLayer.jsx:131,axios
GET,{VITE_APIURL}GST/GstMaster,,src/components/ServicePlanAddLayer.jsx,src/components/ServicePlanAddLayer.jsx:57,axios
GET,{VITE_APIURL}Includes,,src/components/BookServicesLayer.jsx; src/components/CaseStudiesAddLayer.jsx; src/components/DealerBookingsView.jsx; src/components/IncludesLayer.jsx; src/components/ServicePlanAddLayer.jsx,src/components/BookServicesLayer.jsx:248; src/components/CaseStudiesAddLayer.jsx:85; src/components/DealerBookingsView.jsx:97; src/components/IncludesLayer.jsx:64; src/components/ServicePlanAddLayer.jsx:139,axios
POST,{VITE_APIURL}Includes,"CategoryID, CreatedBy, Default_Price, Description, EstimatedDurationMinutes, IncludeID, IncludeName, IncludePrice, IsActive, PackageName, SkillID, SubCategoryID, TotalPrice, addOnID, basePrice, bookingId, bookingTrackID, completedBy, completedRole, createdBy, dealerID, description, gstAmount, gstPercent, id, ids, includes, inspectionDate, inspectionTimeSlot, inspectionType, isActive, is_Completed, labourCharges, leadId, modifiedBy, our_Earnings, percentage, price, quantity, serviceId, serviceName, serviceType, services, statusName, supervisorId, supervisorRole, type",src/components/BookServicesLayer.jsx; src/components/IncludesLayer.jsx,src/components/BookServicesLayer.jsx:830; src/components/BookServicesLayer.jsx:886; src/components/IncludesLayer.jsx:140,axios
PUT,{VITE_APIURL}Includes,,src/components/IncludesLayer.jsx,src/components/IncludesLayer.jsx:135,axios
GET,{VITE_APIURL}Inspection,,src/components/ServiceIntakeListLayer.jsx,src/components/ServiceIntakeListLayer.jsx:40,axios
GET,{VITE_APIURL}Inspection/checklist-pdf/{inspectionId},,src/components/ServiceIntakeListLayer.jsx,src/components/ServiceIntakeListLayer.jsx:138,axios
POST,{VITE_APIURL}Inspection/insert,"AmountStatus, Area, Brand, ChecklistItems, CustName, Email, Fuel, Images, InspectionAmount, InspectionDate, KmDriven, Location, Model, PhoneNumber, RecommendedServices, Remarks, TechnicianName, TrackId, VehicleNumber, YearOfPurchase",src/components/ServiceInspectionRequestLayer.jsx,src/components/ServiceInspectionRequestLayer.jsx:387,axios
POST,{VITE_APIURL}Inspection/payment-complete,"inspectionId, qrId",src/components/ServiceInspectionRequestLayer.jsx; src/components/ServiceIntakeListLayer.jsx,src/components/ServiceInspectionRequestLayer.jsx:437; src/components/ServiceIntakeListLayer.jsx:61,axios
GET,{VITE_APIURL}Leads,,src/components/ForwardLeadsLayer.jsx; src/components/LeadsAssignLayer.jsx,src/components/ForwardLeadsLayer.jsx:56; src/components/LeadsAssignLayer.jsx:42,fetch
GET,{VITE_APIURL}Leads/AssignedLeads?Emp_Assign={employeeId}&DateType=UpdatedDate OR CreatedDate&FromDate={fromDate}&ToDate={toDate},,src/components/EmployeeLeadsReportLayer.jsx,src/components/EmployeeLeadsReportLayer.jsx:71,axios
POST,{VITE_APIURL}Leads/AssignLeadsToEmployee,"emp_Assign, head_Assign, leadIds",src/components/LeadsAssignLayer.jsx,src/components/LeadsAssignLayer.jsx:332,axios
POST,{VITE_APIURL}Leads/AssignLeadsToHead,"emp_Assign, head_Assign, leadIds",src/components/LeadsAssignLayer.jsx,src/components/LeadsAssignLayer.jsx:285,axios
POST,{VITE_APIURL}Leads/confirm-booking-addons-by-supervisor,"CategoryID, CreatedBy, Default_Price, Description, EstimatedDurationMinutes, IncludeID, IncludeName, IncludePrice, IsActive, PackageName, SkillID, SubCategoryID, TotalPrice, addOnID, basePrice, bookingId, bookingTrackID, completedBy, completedRole, createdBy, dealerID, description, gstAmount, gstPercent, id, ids, includes, inspectionDate, inspectionTimeSlot, inspectionType, isActive, is_Completed, labourCharges, leadId, modifiedBy, our_Earnings, percentage, price, quantity, serviceId, serviceName, serviceType, services, statusName, supervisorId, supervisorRole, type",src/components/BookServicesLayer.jsx,src/components/BookServicesLayer.jsx:1910; src/components/BookServicesLayer.jsx:1987,axios
POST,{VITE_APIURL}Leads/ConvertLead,,src/components/LeadViewLayer.jsx,src/components/LeadViewLayer.jsx:1242,axios
GET,{VITE_APIURL}Leads/dealer-summary,,src/components/RevenueReports.jsx,src/components/RevenueReports.jsx:95,axios
GET,{VITE_APIURL}Leads/EmployeeFollowupStatus?{params.join},,src/components/LeadReportsLayer.jsx,src/components/LeadReportsLayer.jsx:82,axios
POST,{VITE_APIURL}Leads/GenerateEstimationInvoice,bookingID,src/components/BookingViewLayer.jsx; src/components/InvoiceViewLayer.jsx,src/components/BookingViewLayer.jsx:3323; src/components/InvoiceViewLayer.jsx:257,axios
POST,{VITE_APIURL}Leads/GenerateFinalInvoice,bookingID,src/components/BookingViewLayer.jsx; src/components/InvoiceViewLayer.jsx,src/components/BookingViewLayer.jsx:3205; src/components/InvoiceViewLayer.jsx:266,axios
GET,{VITE_APIURL}Leads/GetLeadsByIds?LeadIds={bookingData.LeadId},,src/components/BasicInformationLayer.jsx,src/components/BasicInformationLayer.jsx:117,fetch
GET,{VITE_APIURL}Leads/GetLeadsByIds?LeadIds={leadId},,src/components/LeadViewLayer.jsx; src/components/LeadViewOnlyLayer.jsx,src/components/LeadViewLayer.jsx:388; src/components/LeadViewOnlyLayer.jsx:40,fetch
POST,{VITE_APIURL}Leads/InsertLeadFollowUp,"AddressId, BrandID, City, Email, FuelTypeID, FullName, GSTName, GSTNumber, Id, KmDriven, Latitude, Longitude, ModelID, PhoneNumber, RegistrationNumber, VehicleId, YearOfPurchase, bookingID, created_By, custID, leadId, nextAction, nextFollowUp_Date, notes, serviceRating, serviceReview, status, techID, techRating, techReview, type",src/components/LeadViewLayer.jsx,src/components/LeadViewLayer.jsx:1124,fetch
POST,{VITE_APIURL}Leads/InsertOrUpdateFacebookLead,"...{ObjectExpression} OR {ObjectExpression}, AddressId, BrandID, City, CreatedDate, Email, FuelTypeID, FullName, GSTName, GSTNumber, Id, KmDriven, Latitude, Longitude, ModelID, PhoneNumber, Platform, RegistrationNumber, VehicleId, YearOfPurchase, accountHolderName, accountNumber, bankName, bookingID, branch, created_By, custID, customerId, id, ifscCode, leadId, nextAction, nextFollowUp_Date, notes, serviceRating, serviceReview, status, techID, techRating, techReview, type, upiId, userId",src/components/AddLeadLayer.jsx; src/components/BasicInformationLayer.jsx; src/components/LeadViewLayer.jsx,src/components/AddLeadLayer.jsx:161; src/components/BasicInformationLayer.jsx:609; src/components/BasicInformationLayer.jsx:859; src/components/LeadViewLayer.jsx:829; src/components/LeadViewLayer.jsx:906,"axios, fetch"
POST,{VITE_APIURL}Leads/SendEstimationInvoiceEmail,"bookingID, invoiceNumber",src/components/InvoiceViewLayer.jsx,src/components/InvoiceViewLayer.jsx:559,axios
POST,{VITE_APIURL}Leads/SendEstimationInvoiceWhatsApp,"bookingID, invoiceNumber",src/components/InvoiceViewLayer.jsx,src/components/InvoiceViewLayer.jsx:367,axios
POST,{VITE_APIURL}Leads/SendFinalInvoiceEmail,"bookingID, invoiceNumber",src/components/InvoiceViewLayer.jsx,src/components/InvoiceViewLayer.jsx:461,axios
POST,{VITE_APIURL}Leads/SendFinalInvoiceWhatsApp,"bookingID, invoiceNumber",src/components/InvoiceViewLayer.jsx,src/components/InvoiceViewLayer.jsx:412,axios
GET,{VITE_APIURL}Leads/telecaller-headcount?headAssignId={employeeData.Id} OR {VITE_APIURL}Leads/telecaller-headcount?empId={employeeData.Id},,src/components/SupportDashboardLayer.jsx,src/components/SupportDashboardLayer.jsx:46,axios
GET,{VITE_APIURL}Leads/TodayAssignedFollowUpLeads?EmpId={{localStorage.getItem}}&PageNumber={pageNumber}&PageSize=100&SearchText={{search.trim}}&Status={callOutcome},,src/components/TodayLeadsLayer.jsx,src/components/TodayLeadsLayer.jsx:37,axios
POST,{VITE_APIURL}Leads/TransferLead,"createdBy, fromEmployeeId, leadIds, reason, roleName, toEmployeeId",src/components/ForwardLeadsLayer.jsx; src/components/OrganicLeadsLayer.jsx,src/components/ForwardLeadsLayer.jsx:188; src/components/OrganicLeadsLayer.jsx:299,axios
POST,{VITE_APIURL}Leads/UploadExcel,file,src/components/OrganicLeadsLayer.jsx,src/components/OrganicLeadsLayer.jsx:784,axios
GET,{VITE_APIURL}LeaveRequest,,src/components/LeaveListLayer.jsx,src/components/LeaveListLayer.jsx:25,axios
PUT,{VITE_APIURL}LeaveRequest?leaveId={LeaveID}&status={status},,src/components/LeaveEditLayer.jsx,src/components/LeaveEditLayer.jsx:62,axios
GET,{VITE_APIURL}LeaveRequest/leaveid?leaveid={LeaveID},,src/components/LeaveEditLayer.jsx,src/components/LeaveEditLayer.jsx:37,axios
GET,{VITE_APIURL}NotificationTemplate,,src/components/NotificationTemplatesLayer.jsx,src/components/NotificationTemplatesLayer.jsx:29,axios
POST,{VITE_APIURL}NotificationTemplate,,src/components/NotificationTemplatesLayer.jsx,src/components/NotificationTemplatesLayer.jsx:50,axios
PUT,{VITE_APIURL}NotificationTemplate,,src/components/NotificationTemplatesLayer.jsx,src/components/NotificationTemplatesLayer.jsx:48,axios
DELETE,{VITE_APIURL}NotificationTemplate/{id},,src/components/NotificationTemplatesLayer.jsx,src/components/NotificationTemplatesLayer.jsx:77,axios
GET,{VITE_APIURL}Payments,,src/components/PaymentListLayer.jsx; src/components/child/RecentTransactions.jsx,src/components/child/RecentTransactions.jsx:17; src/components/PaymentListLayer.jsx:46,axios
PUT,{VITE_APIURL}Payments,"bookingID, isRefunded",src/components/TicketInnerLayer.jsx,src/components/TicketInnerLayer.jsx:364,axios
POST,{VITE_APIURL}Payments/final-payment-link,"bookingId, couponAmount, couponCode, customerId, email, paymentAmount, phoneNumber",src/components/BookingViewLayer.jsx,src/components/BookingViewLayer.jsx:4009,axios
POST,{VITE_APIURL}Payments/InsertBookingAddOnsPayment,"ProofAttachment, amountPaid, bookingID, couponAmount, couponCode, createdBy, paymentMode, paymentStatus, paymentType",src/components/BookingViewLayer.jsx,src/components/BookingViewLayer.jsx:4063,axios
GET,{VITE_APIURL}Payments/Revenue?groupBy={daily|weekly|monthly|yearly}&fromDate={fromDate}&toDate={toDate},,src/components/child/RevenueReportCharts.jsx,src/components/child/RevenueReportCharts.jsx:121,axios
GET,{VITE_APIURL}Permission,,src/components/PermissionLayer.jsx; src/components/RolePermissionLayer.jsx,src/components/PermissionLayer.jsx:45; src/components/RolePermissionLayer.jsx:26,axios
POST,{VITE_APIURL}Permission,"IsActive, name, page",src/components/PermissionLayer.jsx,src/components/PermissionLayer.jsx:92,axios
PUT,{VITE_APIURL}Permission,"IsActive, id, name, page",src/components/PermissionLayer.jsx,src/components/PermissionLayer.jsx:84,axios
DELETE,{VITE_APIURL}Permission/{id},,src/components/PermissionLayer.jsx,src/components/PermissionLayer.jsx:166,axios
DELETE,{VITE_APIURL}PlanPackage/,PlanID,src/components/ServicePlanListLayer.jsx,src/components/ServicePlanListLayer.jsx:77,axios
GET,{VITE_APIURL}PlanPackage/GetPlanPackageDetailsByID/{PackageID},,src/components/CaseStudiesAddLayer.jsx; src/components/ServicePlanAddLayer.jsx,src/components/CaseStudiesAddLayer.jsx:102; src/components/ServicePlanAddLayer.jsx:156,axios
GET,{VITE_APIURL}PlanPackage/GetPlanPackagesDetails,,src/components/BookServicesLayer.jsx; src/components/CaseStudiesLayer.jsx; src/components/ExplanationsAddLayer.jsx; src/components/FaqsAddLayer.jsx; src/components/SeoAddLayer.jsx; src/components/ServicePlanListLayer.jsx; src/components/ServicePlanPriceAddLayer.jsx; src/components/ServicePlanPriceAddLayer11.jsx; src/components/ServicePlanPriceEditLayer.jsx,src/components/BookServicesLayer.jsx:163; src/components/BookServicesLayer.jsx:570; src/components/CaseStudiesLayer.jsx:29; src/components/ExplanationsAddLayer.jsx:52; src/components/FaqsAddLayer.jsx:52; src/components/SeoAddLayer.jsx:60; src/components/ServicePlanListLayer.jsx:27; src/components/ServicePlanPriceAddLayer.jsx:61; src/components/ServicePlanPriceAddLayer11.jsx:111; src/components/ServicePlanPriceEditLayer.jsx:61,axios
POST,{VITE_APIURL}PlanPackage/InsertPlanPackage,"CategoryID, CreatedBy, Default_Price, Description, EstimatedDurationMinutes, IncludeID, IncludeName, IncludePrice, IsActive, PackageName, SkillID, SubCategoryID, TotalPrice, addOnID, basePrice, bookingId, bookingTrackID, completedBy, completedRole, createdBy, dealerID, description, gstAmount, gstPercent, id, ids, includes, inspectionDate, inspectionTimeSlot, inspectionType, isActive, is_Completed, labourCharges, leadId, modifiedBy, our_Earnings, percentage, price, quantity, serviceId, serviceName, serviceType, services, statusName, supervisorId, supervisorRole, type",src/components/BookServicesLayer.jsx,src/components/BookServicesLayer.jsx:744,axios
POST,{VITE_APIURL}PlanPackage/UpdatePlanPackage OR {VITE_APIURL}PlanPackage/InsertPlanPackage,"BannerImages, CategoryID, CreatedBy, Default_Price, EstimatedDurationMinutes, IncludeID, IsActive, ModifiedBy, PackageID, PackageImage, PackageName, SubCategoryID, TotalPrice, gst_amt, gst_p, inc_gstamt",src/components/CaseStudiesAddLayer.jsx; src/components/ServicePlanAddLayer.jsx,src/components/CaseStudiesAddLayer.jsx:242; src/components/ServicePlanAddLayer.jsx:314,axios
GET,{VITE_APIURL}PlanPackagePrice,,src/components/ServicePlanPriceListLayer.jsx,src/components/ServicePlanPriceListLayer.jsx:23,axios
POST,{VITE_APIURL}PlanPackagePrice/AddPlanPackagePrice,"BrandID, FuelTypeID, IsActive, ModelID, ModifiedBy, PackageID, Serv_Off_Price, Serv_Reg_Price, {key}",src/components/ServicePlanPriceAddLayer.jsx; src/components/ServicePlanPriceAddLayer11.jsx; src/components/ServicePlanPriceEditLayer.jsx,src/components/ServicePlanPriceAddLayer.jsx:178; src/components/ServicePlanPriceAddLayer11.jsx:327; src/components/ServicePlanPriceEditLayer.jsx:178,axios
DELETE,{VITE_APIURL}PlanPackagePrice/Delete,PlanPriceID,src/components/ServicePlanPriceListLayer.jsx,src/components/ServicePlanPriceListLayer.jsx:47,axios
GET,{VITE_APIURL}PlanPackagePrice/GetPricesByBrandAndPackage?brandId={data.BrandID}&packageId={data.PackageID},,src/components/ServicePlanPriceAddLayer11.jsx,src/components/ServicePlanPriceAddLayer11.jsx:142,axios
GET,{VITE_APIURL}PlanPackagePrice/planpackagepriceid?planpackagepriceid={PlanPackagePriceID},,src/components/ServicePlanPriceAddLayer.jsx; src/components/ServicePlanPriceAddLayer11.jsx; src/components/ServicePlanPriceEditLayer.jsx,src/components/ServicePlanPriceAddLayer.jsx:76; src/components/ServicePlanPriceAddLayer11.jsx:127; src/components/ServicePlanPriceAddLayer11.jsx:182; src/components/ServicePlanPriceEditLayer.jsx:76,axios
PUT,{VITE_APIURL}PlanPackagePrice/UpdatePlanPackagePrice,"BrandID, FuelTypeID, IsActive, ModelID, ModifiedBy, PackageID, Serv_Off_Price, Serv_Reg_Price, {key}",src/components/ServicePlanPriceAddLayer.jsx; src/components/ServicePlanPriceAddLayer11.jsx; src/components/ServicePlanPriceEditLayer.jsx,src/components/ServicePlanPriceAddLayer.jsx:175; src/components/ServicePlanPriceAddLayer11.jsx:325; src/components/ServicePlanPriceEditLayer.jsx:175,axios
POST,{VITE_APIURL}Push/register,"fcmToken, platform, userId, userRole",src/masterLayout/MasterLayout.jsx,src/masterLayout/MasterLayout.jsx:378,fetch
POST,{VITE_APIURL}Push/send-notification,"body, link, role, title",src/components/NotificationSendLayer.jsx,src/components/NotificationSendLayer.jsx:38,axios
POST,{VITE_APIURL}Refund/Refund,"amount, bookingId, paymentId",src/components/BookingViewLayer.jsx; src/components/PaymentListLayer.jsx; src/components/RefundLayer.jsx,src/components/BookingViewLayer.jsx:2693; src/components/PaymentListLayer.jsx:90; src/components/RefundLayer.jsx:451,axios
GET,{VITE_APIURL}Reports?fromDate={0}&toDate={0},,src/components/child/TodaysBookings.jsx,src/components/child/TodaysBookings.jsx:18,axios
GET,{VITE_APIURL}Reports?fromDate={fromDate}&toDate={toDate},,src/components/TodayBookingsLayer.jsx,src/components/TodayBookingsLayer.jsx:31,axios
GET,{VITE_APIURL}Reports/GetCollectionAmount,,src/components/child/TopCustomer.jsx,src/components/child/TopCustomer.jsx:57,axios
GET,{VITE_APIURL}Reports/GetCollectionAmount?fromDate={{formatDate}}&toDate={{formatDate}},,src/components/child/TopCustomer.jsx,src/components/child/TopCustomer.jsx:38; src/components/child/TopCustomer.jsx:44; src/components/child/TopCustomer.jsx:50,axios
POST,{VITE_APIURL}Reschedules,"Status, bookingID, newSchedule, oldSchedule, reason, requestedBy, timeSlot",src/components/BookingViewLayer.jsx,src/components/BookingViewLayer.jsx:990,axios
POST,{VITE_APIURL}Rework/insert,"AssignedBy, AssingedTimeSlot, BookingID, Role, ServiceType, TechID, addOnID, addOnId, addOnIds, addOns, assignDate, assignTimeSlot, bookingID, bookingId, bookingIds, cancelledBy, completedBy, completedRole, createdBy, endTimeslot, fieldAdvisorId, ids, is_Completed, lastReworkID, leadId, reason, refundStatus, role, scheduledDate, status, statusName, supervisorHeadId, supervisorID, techID, ticketId, timeSlot, timeslot",src/components/BookingViewLayer.jsx,src/components/BookingViewLayer.jsx:3725,axios
POST,{VITE_APIURL}rolehaspermissions,"isActive, permission_ids, role_id",src/components/RolePermissionLayer.jsx,src/components/RolePermissionLayer.jsx:111,axios
GET,{VITE_APIURL}rolehaspermissions/id?roleId={{localStorage.getItem}},,src/masterLayout/MasterLayout.jsx,src/masterLayout/MasterLayout.jsx:144,axios
GET,{VITE_APIURL}rolehaspermissions/id?roleId={roleId},,src/components/RolePermissionLayer.jsx; src/context/PermissionContext.jsx,src/components/RolePermissionLayer.jsx:52; src/context/PermissionContext.jsx:88,axios
GET,{VITE_APIURL}Roles,,src/components/EmployeeAddLayer.jsx; src/components/NotificationSendLayer.jsx; src/components/RoleLayer.jsx,src/components/EmployeeAddLayer.jsx:139; src/components/NotificationSendLayer.jsx:17; src/components/RoleLayer.jsx:45,axios
POST,{VITE_APIURL}Roles,"IsActive, name",src/components/RoleLayer.jsx,src/components/RoleLayer.jsx:91,axios
PUT,{VITE_APIURL}Roles,"IsActive, id, name",src/components/RoleLayer.jsx,src/components/RoleLayer.jsx:84,axios
DELETE,{VITE_APIURL}Roles/,RoleID,src/components/RoleLayer.jsx,src/components/RoleLayer.jsx:165,axios
GET,{VITE_APIURL}Seometa,,src/components/SeoListLayer.jsx,src/components/SeoListLayer.jsx:18,axios
POST,{VITE_APIURL}Seometa,"content, page_slug, seo_description, seo_keywords, seo_score, seo_title",src/components/SeoAddLayer.jsx,src/components/SeoAddLayer.jsx:286,axios
PUT,{VITE_APIURL}Seometa,"content, page_slug, seo_description, seo_id, seo_keywords, seo_score, seo_title",src/components/SeoAddLayer.jsx,src/components/SeoAddLayer.jsx:295,axios
GET,{VITE_APIURL}Seometa/seo_id?seoid={seoid},,src/components/SeoAddLayer.jsx,src/components/SeoAddLayer.jsx:92,axios
POST,{VITE_APIURL}ServiceImages/CancelCarPickupDelivery?id={service.AddOnID},,src/components/BookingViewLayer.jsx,src/components/BookingViewLayer.jsx:1061,axios
GET,{VITE_APIURL}ServiceImages/DealerPickupDeliveryReport?dealerId={{localStorage.getItem}},,src/components/DealerVehicleReportLayer.jsx,src/components/DealerVehicleReportLayer.jsx:36,axios
GET,{VITE_APIURL}ServiceImages/GetChecklistForTechnician?planId=184,,src/components/ServiceInspectionRequestLayer.jsx,src/components/ServiceInspectionRequestLayer.jsx:113,axios
GET,{VITE_APIURL}ServiceImages/GetTechnicianRecordsByAssignDate?assignDate={date} OR {0}&assignTimeSlot={{startTime.substring}} OR }&endTimeslot={{endTime.substring}} OR },,src/components/BookingViewLayer.jsx,src/components/BookingViewLayer.jsx:694,axios
GET,{VITE_APIURL}ServiceImages/InspectionChecklistPdf/{bookingId},,src/components/InspectionChecklistAccordion.jsx,src/components/InspectionChecklistAccordion.jsx:18,fetch
POST,{VITE_APIURL}ServiceImages/ReassignCarPickupDelivery,"assignTimeSlot, endTimeslot, id, newAssignDate, newTechID",src/components/BookingViewLayer.jsx,src/components/BookingViewLayer.jsx:1234,axios
POST,{VITE_APIURL}ServiceImages/RescheduleCarPickupDelivery,"assignTimeSlot, endTimeslot, id, newAssignDate",src/components/BookingViewLayer.jsx,src/components/BookingViewLayer.jsx:1129,axios
GET,{VITE_APIURL}ServiceLeads/FacebookLeads?EmployeeId={OptionalMemberExpression}&RoleName={OptionalMemberExpression},,src/components/ClosedLeadsLayer.jsx; src/components/LeadsLayer.jsx,src/components/ClosedLeadsLayer.jsx:34; src/components/LeadsLayer.jsx:37,fetch
GET,{VITE_APIURL}ServiceLeads/FacebookLeads?pageNumber={page}&pageSize=100&searchText={text}&platform={platformFilter}&Status={callOutcome}&fromDate={fromDate}&toDate={toDate}&DateType=CreatedDate OR ModifiedDate&EmployeeId={OptionalMemberExpression}&RoleName={OptionalMemberExpression},,src/components/OrganicLeadsLayer.jsx,src/components/OrganicLeadsLayer.jsx:66; src/components/OrganicLeadsLayer.jsx:751; src/components/OrganicLeadsLayer.jsx:842,"axios, fetch"
GET,{VITE_APIURL}ServiceLeads/FacebookLeads?pageNumber=1&pageSize=500&Status=Next+Follow+Up&EmployeeId={employeeData.Id}&RoleName={employeeData.RoleName},,src/masterLayout/MasterLayout.jsx,src/masterLayout/MasterLayout.jsx:550,axios
GET,{VITE_APIURL}Skills,,src/components/IncludesLayer.jsx; src/components/SkillLayer.jsx; src/components/TechniciansAddLayer.jsx,src/components/IncludesLayer.jsx:105; src/components/SkillLayer.jsx:29; src/components/TechniciansAddLayer.jsx:170,axios
POST,{VITE_APIURL}Skills,"...{formData}, ...{rest}, CreatedBy, ModifiedBy",src/components/SkillLayer.jsx,src/components/SkillLayer.jsx:69,axios
PUT,{VITE_APIURL}Skills,,src/components/SkillLayer.jsx,src/components/SkillLayer.jsx:57,axios
GET,{VITE_APIURL}State,,src/components/AreaLayer.jsx; src/components/CityLayer.jsx; src/components/CustomerAddLayer.jsx; src/components/DealerAddLayer.jsx; src/components/DealerProfileLayer.jsx; src/components/DistributorLayer.jsx; src/components/StateLayer.jsx; src/components/TechniciansAddLayer.jsx,src/components/AreaLayer.jsx:83; src/components/CityLayer.jsx:59; src/components/CustomerAddLayer.jsx:68; src/components/DealerAddLayer.jsx:210; src/components/DealerProfileLayer.jsx:151; src/components/DistributorLayer.jsx:83; src/components/StateLayer.jsx:46; src/components/TechniciansAddLayer.jsx:130,axios
POST,{VITE_APIURL}State,"IsActive, StateName",src/components/StateLayer.jsx,src/components/StateLayer.jsx:92,axios
PUT,{VITE_APIURL}State,"IsActive, StateID, StateName",src/components/StateLayer.jsx,src/components/StateLayer.jsx:85,axios
DELETE,{VITE_APIURL}State/,StateID,src/components/CityLayer.jsx; src/components/StateLayer.jsx,src/components/CityLayer.jsx:133; src/components/StateLayer.jsx:166,axios
GET,{VITE_APIURL}SubCategory1,,src/components/CaseStudiesAddLayer.jsx; src/components/IncludesLayer.jsx; src/components/ServicePlanAddLayer.jsx; src/components/ServiceSubCategories1Layer.jsx,src/components/CaseStudiesAddLayer.jsx:74; src/components/IncludesLayer.jsx:92; src/components/ServicePlanAddLayer.jsx:128; src/components/ServiceSubCategories1Layer.jsx:59,axios
POST,{VITE_APIURL}SubCategory1/AddSubCategory1,"CreatedBy, IconImage1, ModifiedBy, ThumbnailImage1, {key}",src/components/ServiceSubCategories1Layer.jsx,src/components/ServiceSubCategories1Layer.jsx:139,axios
PUT,{VITE_APIURL}SubCategory1/UpdateSubCategory1,"CreatedBy, IconImage1, ModifiedBy, ThumbnailImage1, {key}",src/components/ServiceSubCategories1Layer.jsx,src/components/ServiceSubCategories1Layer.jsx:136,axios
GET,{VITE_APIURL}SubCategory2,,src/components/ServiceSubCategories2Layer.jsx,src/components/ServiceSubCategories2Layer.jsx:54,axios
POST,{VITE_APIURL}SubCategory2/AddSubCategory2,"CreatedBy, IconImage1, ModifiedBy, ThumbnailImage1, {key}",src/components/ServiceSubCategories2Layer.jsx,src/components/ServiceSubCategories2Layer.jsx:134,axios
PUT,{VITE_APIURL}SubCategory2/UpdateSubCategory2,"CreatedBy, IconImage1, ModifiedBy, ThumbnailImage1, {key}",src/components/ServiceSubCategories2Layer.jsx,src/components/ServiceSubCategories2Layer.jsx:131,axios
POST,{VITE_APIURL}Supervisor/add-temp-addons,"AssignedBy, AssingedTimeSlot, BookingID, Role, ServiceType, TechID, addOnID, addOnId, addOnIds, addOns, assignDate, assignTimeSlot, bookingID, bookingId, bookingIds, cancelledBy, completedBy, completedRole, createdBy, endTimeslot, fieldAdvisorId, ids, is_Completed, lastReworkID, leadId, reason, refundStatus, role, scheduledDate, status, statusName, supervisorHeadId, supervisorID, techID, ticketId, timeSlot, timeslot",src/components/BookingViewLayer.jsx,src/components/BookingViewLayer.jsx:2800; src/components/BookingViewLayer.jsx:2863,axios
POST,{VITE_APIURL}Supervisor/AssignToFieldAdvisor,"bookingIds, fieldAdvisorId, supervisorHeadId",src/components/BasicInformationLayer.jsx,src/components/BasicInformationLayer.jsx:323,fetch
POST,{VITE_APIURL}Supervisor/AssignToSupervisorHead,"areaId, assignStatus, assignedDate, bookingIds, createdBy, supervisorHeadId",src/components/BasicInformationLayer.jsx; src/components/LeadViewLayer.jsx,src/components/BasicInformationLayer.jsx:973; src/components/LeadViewLayer.jsx:758,fetch
PUT,{VITE_APIURL}Supervisor/Booking,"TimeSlot, bookingDate, bookingID",src/components/BasicInformationLayer.jsx; src/components/BookServicesLayer.jsx; src/components/LeadViewLayer.jsx,src/components/BasicInformationLayer.jsx:638; src/components/BookServicesLayer.jsx:1698; src/components/BookServicesLayer.jsx:1831; src/components/LeadViewLayer.jsx:977,axios
GET,{VITE_APIURL}Supervisor/BookingMetrics?FromDate={startDate}&ToDate={endDate},,src/components/BookingReportsLayer.jsx,src/components/BookingReportsLayer.jsx:32,axios
POST,{VITE_APIURL}Supervisor/confirm,"ProofAttachment, addOnId, amountPaid, bookingID, couponAmount, couponCode, createdBy, employeeId, paymentMode, paymentStatus, paymentType",src/components/BookingViewLayer.jsx; src/components/FieldAdvisorDashboardLayer.jsx,src/components/BookingViewLayer.jsx:2085; src/components/FieldAdvisorDashboardLayer.jsx:182,axios
POST,{VITE_APIURL}Supervisor/confirm-by-bookingid?bookingId={bookingData.BookingID}&supervisorId={{Number}},,src/components/InvoiceViewLayer.jsx,src/components/InvoiceViewLayer.jsx:352; src/components/InvoiceViewLayer.jsx:546,axios
POST,{VITE_APIURL}Supervisor/confirm-by-bookingid?bookingId={bookingId}&supervisorId={OptionalMemberExpression} OR 0},,src/components/BookingViewLayer.jsx,src/components/BookingViewLayer.jsx:1938,axios
POST,{VITE_APIURL}Supervisor/CustomerConfirmationImages,"ProofAttachment, amountPaid, bookingID, couponAmount, couponCode, createdBy, paymentMode, paymentStatus, paymentType",src/components/BookingViewLayer.jsx,src/components/BookingViewLayer.jsx:3565,axios
GET,{VITE_APIURL}Supervisor/ExistingBookings?PhoneNumber={lead.PhoneNumber},,src/components/LeadViewLayer.jsx; src/components/LeadViewOnlyLayer.jsx,src/components/LeadViewLayer.jsx:512; src/components/LeadViewOnlyLayer.jsx:67,axios
GET,{VITE_APIURL}Supervisor/GetNotConfirmedBookings?supervisorHeadId={supervisorHeadId},,src/components/SupervisorHeadDashboardLayer.jsx,src/components/SupervisorHeadDashboardLayer.jsx:65,axios
GET,{VITE_APIURL}Supervisor/GetPendingApprovalBookings?RoleId={roleId}&EmployeeId={{localStorage.getItem}},,src/components/FieldAdvisorDashboardLayer.jsx; src/components/SupervisorHeadDashboardLayer.jsx,src/components/FieldAdvisorDashboardLayer.jsx:47; src/components/SupervisorHeadDashboardLayer.jsx:43; src/components/SupervisorHeadDashboardLayer.jsx:76,axios
DELETE,{VITE_APIURL}Supervisor/Id?id={item._apiId},,src/components/BookServicesLayer.jsx; src/components/DealerBookingsView.jsx,src/components/BookServicesLayer.jsx:1457; src/components/DealerBookingsView.jsx:417,axios
POST,{VITE_APIURL}Supervisor/InsertSupervisorBooking,"CategoryID, CreatedBy, Default_Price, Description, EstimatedDurationMinutes, IncludeID, IncludeName, IncludePrice, IsActive, PackageName, SkillID, SubCategoryID, TotalPrice, addOnID, basePrice, bookingId, bookingTrackID, completedBy, completedRole, createdBy, dealerID, description, gstAmount, gstPercent, id, ids, includes, inspectionDate, inspectionTimeSlot, inspectionType, isActive, is_Completed, labourCharges, leadId, modifiedBy, our_Earnings, percentage, price, quantity, serviceId, serviceName, serviceType, services, statusName, supervisorId, supervisorRole, type",src/components/BookServicesLayer.jsx,src/components/BookServicesLayer.jsx:1679; src/components/BookServicesLayer.jsx:1816,axios
POST,{VITE_APIURL}Supervisor/MoveSupervisorBookings?addOnIds={{rejectedServiceIds.join}}&custId={bookingData.CustID},"confirmDescription, confirmRole, confirmedBy, status",src/components/BookingViewLayer.jsx,src/components/BookingViewLayer.jsx:3578; src/components/BookingViewLayer.jsx:3783,axios
POST,{VITE_APIURL}Supervisor/MoveTempAddOns?bookingId={bookingId},,src/components/BookingViewLayer.jsx,src/components/BookingViewLayer.jsx:3074,axios
POST,{VITE_APIURL}Supervisor/SavePickupDeliveryTime,"AssignedBy, AssingedTimeSlot, BookingID, Role, ServiceType, TechID, addOnID, addOnId, addOnIds, addOns, assignDate, assignTimeSlot, bookingID, bookingId, bookingIds, cancelledBy, completedBy, completedRole, createdBy, endTimeslot, fieldAdvisorId, ids, is_Completed, lastReworkID, leadId, pickFrom, pickTo, pickType, reason, refundStatus, role, routeType, scheduledDate, serviceType, status, statusName, supervisorHeadId, supervisorID, techID, ticketId, timeSlot, timeslot",src/components/AssignTechnicianLayer.jsx; src/components/BookingViewLayer.jsx,src/components/AssignTechnicianLayer.jsx:228; src/components/AssignTechnicianLayer.jsx:255; src/components/BookingViewLayer.jsx:1652; src/components/BookingViewLayer.jsx:2317; src/components/BookingViewLayer.jsx:2486,axios
PUT,{VITE_APIURL}Supervisor/SavePickupDeliveryTime,"AssignedBy, AssingedTimeSlot, BookingID, Role, ServiceType, TechID, addOnID, addOnId, addOnIds, addOns, assignDate, assignTimeSlot, bookingID, bookingId, bookingIds, cancelledBy, completedBy, completedRole, createdBy, endTimeslot, fieldAdvisorId, ids, is_Completed, lastReworkID, leadId, reason, refundStatus, role, scheduledDate, status, statusName, supervisorHeadId, supervisorID, techID, ticketId, timeSlot, timeslot",src/components/BookingViewLayer.jsx,src/components/BookingViewLayer.jsx:1337,axios
GET,{VITE_APIURL}Supervisor/ServiceTypes,,src/components/BookingViewLayer.jsx,src/components/BookingViewLayer.jsx:2895,axios
GET,{VITE_APIURL}Supervisor/ServiceWiseReport,,src/components/ServicesEarningReport.jsx,src/components/ServicesEarningReport.jsx:21,axios
GET,{VITE_APIURL}Supervisor/ServiceWiseReport?dealerId={{localStorage.getItem}},,src/components/DealerReportLayer.jsx,src/components/DealerReportLayer.jsx:48,axios
GET,{VITE_APIURL}Supervisor/SupervisorLeadId?LeadId={leadId},,src/components/BookServicesLayer.jsx; src/components/DealerBookingsView.jsx,src/components/BookServicesLayer.jsx:331; src/components/DealerBookingsView.jsx:211,axios
DELETE,{VITE_APIURL}Supervisor/TempAddOnService?addOnId={service.AddOnID},,src/components/BookingViewLayer.jsx,src/components/BookingViewLayer.jsx:2948,axios
GET,{VITE_APIURL}Supervisor/TempServices,,src/components/BookingViewLayer.jsx,src/components/BookingViewLayer.jsx:2907,axios
PUT,{VITE_APIURL}Supervisor/UpdateAddOnCompletion,"AssignedBy, AssingedTimeSlot, BookingID, CategoryID, CreatedBy, Default_Price, Description, EstimatedDurationMinutes, IncludeID, IncludeName, IncludePrice, IsActive, PackageName, Role, ServiceType, SkillID, SubCategoryID, TechID, TotalPrice, addOnID, addOnId, addOnIds, addOns, assignDate, assignTimeSlot, basePrice, bookingID, bookingId, bookingIds, bookingTrackID, cancelledBy, completedBy, completedRole, createdBy, dealerID, description, endTimeslot, fieldAdvisorId, gstAmount, gstPercent, id, ids, includes, inspectionDate, inspectionTimeSlot, inspectionType, isActive, is_Completed, labourCharges, lastReworkID, leadId, modifiedBy, our_Earnings, percentage, price, quantity, reason, refundStatus, role, scheduledDate, serviceId, serviceName, serviceType, services, status, statusName, supervisorHeadId, supervisorID, supervisorId, supervisorRole, techID, ticketId, timeSlot, timeslot, type",src/components/BookServicesLayer.jsx; src/components/BookingViewLayer.jsx; src/components/DealerBookingsView.jsx,src/components/BookingViewLayer.jsx:2992; src/components/BookingViewLayer.jsx:3030; src/components/BookServicesLayer.jsx:491; src/components/BookServicesLayer.jsx:542; src/components/DealerBookingsView.jsx:159,axios
PUT,{VITE_APIURL}Supervisor/UpdateSupervisorBooking,"CategoryID, CreatedBy, Default_Price, Description, EstimatedDurationMinutes, IncludeID, IncludeName, IncludePrice, IsActive, PackageName, SkillID, SubCategoryID, TotalPrice, addOnID, basePrice, bookingId, bookingTrackID, completedBy, completedRole, createdBy, dealerID, dealerType, description, gstAmount, gstPercent, id, ids, includes, inspectionDate, inspectionTimeSlot, inspectionType, isActive, is_Completed, labourCharges, leadId, modifiedBy, our_Earnings, percentage, price, quantity, serviceId, serviceName, serviceType, services, statusName, supervisorId, supervisorRole, type",src/components/BookServicesLayer.jsx; src/components/DealerDashboardLayer.jsx,src/components/BookServicesLayer.jsx:1197; src/components/BookServicesLayer.jsx:1287; src/components/DealerDashboardLayer.jsx:288,axios
POST,{VITE_APIURL}Supervisor/UpdateSupervisorBookingIsActive,"AssignedBy, AssingedTimeSlot, BookingID, Role, ServiceType, TechID, addOnID, addOnId, addOnIds, addOns, assignDate, assignTimeSlot, bookingID, bookingId, bookingIds, cancelledBy, completedBy, completedRole, createdBy, endTimeslot, fieldAdvisorId, ids, is_Completed, lastReworkID, leadId, reason, refundStatus, role, scheduledDate, status, statusName, supervisorHeadId, supervisorID, techID, ticketId, timeSlot, timeslot",src/components/BookingViewLayer.jsx,src/components/BookingViewLayer.jsx:2614,axios
GET,{VITE_APIURL}Technician,,src/components/LeaveListLayer.jsx,src/components/LeaveListLayer.jsx:32,axios
GET,{VITE_APIURL}Technicians/{TechnicianID},,src/components/CustomerAddLayer.jsx,src/components/CustomerAddLayer.jsx:56,axios
GET,{VITE_APIURL}TechniciansDetails,,src/components/AssignTechnicianLayer.jsx; src/components/BookingLayer.jsx; src/components/BookingReportSortingLayer.jsx; src/components/SupervisorAssignBookingLayer.jsx; src/components/TelecalerAssignBookingLayer.jsx,src/components/AssignTechnicianLayer.jsx:186; src/components/BookingLayer.jsx:159; src/components/BookingReportSortingLayer.jsx:95; src/components/SupervisorAssignBookingLayer.jsx:170; src/components/TelecalerAssignBookingLayer.jsx:65,axios
GET,{VITE_APIURL}TechniciansDetails?role={{localStorage.getItem}}&userId={{localStorage.getItem}},,src/components/TechnicianLayer.jsx,src/components/TechnicianLayer.jsx:32,axios
GET,{VITE_APIURL}TechniciansDetails?role=Admin&userId={{localStorage.getItem}},,src/components/ExpenditureLayer.jsx,src/components/ExpenditureLayer.jsx:125,axios
POST,{VITE_APIURL}TechniciansDetails/InsertTechnicians,"DocumentFiles, DocumentsJson, ProfileImageFile, TechID, {key}",src/components/CustomerAddLayer.jsx; src/components/TechniciansAddLayer.jsx,src/components/CustomerAddLayer.jsx:159; src/components/TechniciansAddLayer.jsx:301,axios
PUT,{VITE_APIURL}TechniciansDetails/InsertTechnicians,,src/components/CustomerAddLayer.jsx,src/components/CustomerAddLayer.jsx:152,axios
GET,{VITE_APIURL}TechniciansDetails/technicianid?technicianid={TechnicianID},,src/components/TechnicianViewLayer.jsx; src/components/TechniciansAddLayer.jsx,src/components/TechniciansAddLayer.jsx:67; src/components/TechnicianViewLayer.jsx:40,axios
PUT,{VITE_APIURL}TechniciansDetails/UpdateTechnicians,"DocumentFiles, DocumentsJson, ProfileImageFile, TechID, {key}",src/components/TechniciansAddLayer.jsx,src/components/TechniciansAddLayer.jsx:295,axios
POST,{VITE_APIURL}Ticket_Assignments,"accountHolderName, accountNumber, bankName, branch, customerId, id, ifscCode, upiId, userId",src/components/TelecalerAssignTicketLayer.jsx; src/components/TicketInnerLayer.jsx,src/components/TelecalerAssignTicketLayer.jsx:328; src/components/TicketInnerLayer.jsx:224,axios
GET,{VITE_APIURL}Ticket_Assignments?assigned_to_emp={userDetails.Id}&RoleId={userDetails.RoleId},,src/components/TelecalerAssignTicketLayer.jsx,src/components/TelecalerAssignTicketLayer.jsx:192,axios
GET,{VITE_APIURL}Tickets,,src/components/TelecalerAssignTicketLayer.jsx; src/components/child/UnitCountSeven.jsx,src/components/child/UnitCountSeven.jsx:66; src/components/TelecalerAssignTicketLayer.jsx:150,axios
POST,{VITE_APIURL}Tickets,"bookingID, custID, description, reasonId, reasonType, status",src/components/TicketsAddLayer.jsx,src/components/TicketsAddLayer.jsx:154,axios
PUT,{VITE_APIURL}Tickets,"Description, Status, TicketTrackId",src/components/TicketInnerLayer.jsx,src/components/TicketInnerLayer.jsx:174; src/components/TicketInnerLayer.jsx:470,axios
GET,{VITE_APIURL}Tickets OR {VITE_APIURL}Ticket_Assignments?RoleId={{localStorage.getItem}}&assigned_to_emp={{localStorage.getItem}},,src/components/TicketsViewLayer.jsx,src/components/TicketsViewLayer.jsx:44; src/components/TicketsViewLayer.jsx:62,axios
PUT,{VITE_APIURL}Tickets/{ticketId}/accept,,src/components/EmployeeTicketViewLayer.jsx,src/components/EmployeeTicketViewLayer.jsx:48,axios
PUT,{VITE_APIURL}Tickets/{ticketId}/reject,reason,src/components/EmployeeTicketViewLayer.jsx,src/components/EmployeeTicketViewLayer.jsx:81,axios
GET,{VITE_APIURL}Tickets/assigned/{{localStorage.getItem}},,src/components/EmployeeTicketViewLayer.jsx,src/components/EmployeeTicketViewLayer.jsx:26,axios
GET,{VITE_APIURL}Tickets/DepartmentId,,src/components/DeptWiseTicketReport.jsx,src/components/DeptWiseTicketReport.jsx:36,axios
GET,{VITE_APIURL}Tickets/EmpId?EmpId={empId},,src/components/EmployeeTicketReportLayer.jsx,src/components/EmployeeTicketReportLayer.jsx:41,axios
GET,{VITE_APIURL}Tickets/EmployeeId,,src/components/DepartmentTicketsLayer.jsx,src/components/DepartmentTicketsLayer.jsx:46,axios
PUT,{VITE_APIURL}Tickets/UpdateTicket?TicketID={TicketID},"bookingID, custID, description, reasonId, reasonType, status",src/components/TicketsAddLayer.jsx,src/components/TicketsAddLayer.jsx:145,axios
GET,{VITE_APIURL}TimeSlot,,src/components/BasicInformationLayer.jsx; src/components/BookServicesLayer.jsx; src/components/BookingTimeSlotLayer.jsx; src/components/BookingViewLayer.jsx; src/components/LeadViewLayer.jsx,src/components/BasicInformationLayer.jsx:222; src/components/BookingTimeSlotLayer.jsx:36; src/components/BookingViewLayer.jsx:771; src/components/BookServicesLayer.jsx:268; src/components/LeadViewLayer.jsx:606,axios
POST,{VITE_APIURL}TimeSlot,"endTime, startTime, status",src/components/BookingTimeSlotLayer.jsx,src/components/BookingTimeSlotLayer.jsx:137,axios
PUT,{VITE_APIURL}TimeSlot,"endTime, startTime, status",src/components/BookingTimeSlotLayer.jsx,src/components/BookingTimeSlotLayer.jsx:132,axios
DELETE,{VITE_APIURL}TimeSlot/{TsID},,src/components/BookingTimeSlotLayer.jsx,src/components/BookingTimeSlotLayer.jsx:177,axios
DELETE,{VITE_APIURL}VehicleBrands/,StateID,src/components/VehicleBrandLayer.jsx,src/components/VehicleBrandLayer.jsx:192,axios
GET,{VITE_APIURL}VehicleBrands/GetFuelTypesByBrand?brandId={brandId},,src/components/ServicePlanPriceAddLayer11.jsx,src/components/ServicePlanPriceAddLayer11.jsx:57,axios
GET,{VITE_APIURL}VehicleBrands/GetVehicleBrands,,src/components/AddLeadLayer.jsx; src/components/BasicInformationLayer.jsx; src/components/LeadViewLayer.jsx; src/components/ServiceInspectionRequestLayer.jsx; src/components/ServicePlanPriceAddLayer.jsx; src/components/ServicePlanPriceAddLayer11.jsx; src/components/ServicePlanPriceEditLayer.jsx; src/components/VehicleBrandLayer.jsx; src/components/VehicleModelLayer.jsx,src/components/AddLeadLayer.jsx:46; src/components/BasicInformationLayer.jsx:215; src/components/LeadViewLayer.jsx:459; src/components/ServiceInspectionRequestLayer.jsx:196; src/components/ServicePlanPriceAddLayer.jsx:58; src/components/ServicePlanPriceAddLayer11.jsx:108; src/components/ServicePlanPriceEditLayer.jsx:58; src/components/VehicleBrandLayer.jsx:65; src/components/VehicleModelLayer.jsx:71,axios
POST,{VITE_APIURL}VehicleBrands/InsertVehicleBrand,"CreatedBy, ModifiedBy, Status, {key}",src/components/VehicleBrandLayer.jsx,src/components/VehicleBrandLayer.jsx:145,axios
PUT,{VITE_APIURL}VehicleBrands/UpdateVehicleBrand,"CreatedBy, ModifiedBy, Status, {key}",src/components/VehicleBrandLayer.jsx,src/components/VehicleBrandLayer.jsx:142,axios
GET,{VITE_APIURL}VehicleModels/GetListVehicleModel,,src/components/AddLeadLayer.jsx; src/components/BasicInformationLayer.jsx; src/components/LeadViewLayer.jsx; src/components/ServiceInspectionRequestLayer.jsx; src/components/ServicePlanPriceAddLayer.jsx; src/components/ServicePlanPriceAddLayer11.jsx; src/components/ServicePlanPriceEditLayer.jsx; src/components/VehicleModelLayer.jsx,src/components/AddLeadLayer.jsx:65; src/components/BasicInformationLayer.jsx:216; src/components/LeadViewLayer.jsx:477; src/components/ServiceInspectionRequestLayer.jsx:197; src/components/ServicePlanPriceAddLayer.jsx:59; src/components/ServicePlanPriceAddLayer11.jsx:109; src/components/ServicePlanPriceEditLayer.jsx:59; src/components/VehicleModelLayer.jsx:60,axios
POST,{VITE_APIURL}VehicleModels/InsertVehicleModel,"ModifiedBy OR CreatedBy, Status, {key}",src/components/VehicleModelLayer.jsx,src/components/VehicleModelLayer.jsx:123,axios
PUT,{VITE_APIURL}VehicleModels/UpdateVehicleModel,"ModifiedBy OR CreatedBy, Status, {key}",src/components/VehicleModelLayer.jsx,src/components/VehicleModelLayer.jsx:122,axios
GET,https://dev-api.mycarsbuddy.com/api/Coupons,,src/components/BookingViewLayer.jsx,src/components/BookingViewLayer.jsx:4122,axios
GET,https://dev-api.mycarsbuddy.com/api/Feedback/feedback?bookingId={bookingId},,src/components/CompleteServiceReportLayer.jsx,src/components/CompleteServiceReportLayer.jsx:144,axios